"date","state","ML","ML_SPLINE","Low_90","High_90","Low_50","High_50"
2020-02-20,"NUEVO LEÓN",2.2,2.20223606144736,0.92,2.99,1.59,2.64
2020-02-21,"NUEVO LEÓN",2.84,2.82754405002563,1.4,3,2.37,2.99
2020-02-22,"NUEVO LEÓN",2.87,2.89520240284,2.05,3,2.65,2.98
2020-02-23,"NUEVO LEÓN",2.88,2.87173278739081,2.31,3,2.71,2.97
2020-02-24,"NUEVO LEÓN",2.87,2.85478730280548,2.38,3,2.71,2.96
2020-02-25,"NUEVO LEÓN",2.86,2.84726640012724,2.41,3,2.68,2.93
2020-02-26,"NUEVO LEÓN",2.84,2.84193350643528,2.39,3,2.69,2.95
2020-02-27,"NUEVO LEÓN",2.81,2.82901779281782,2.34,3,2.6,2.89
2020-02-28,"NUEVO LEÓN",2.77,2.79874843036305,2.28,3,2.54,2.86
2020-02-29,"NUEVO LEÓN",2.74,2.74379755715924,2.23,3,2.48,2.83
2020-03-01,"NUEVO LEÓN",2.68,2.66660917929486,2.14,2.99,2.43,2.81
2020-03-02,"NUEVO LEÓN",2.59,2.57207026985843,2.05,2.98,2.32,2.74
2020-03-03,"NUEVO LEÓN",2.48,2.46506780193849,1.93,2.94,2.21,2.66
2020-03-04,"NUEVO LEÓN",2.36,2.35048874862355,1.76,2.85,2.08,2.55
2020-03-05,"NUEVO LEÓN",2.23,2.23322008300216,1.65,2.78,1.94,2.42
2020-03-06,"NUEVO LEÓN",2.11,2.11814877816283,1.5,2.65,1.8,2.28
2020-03-07,"NUEVO LEÓN",2,2.00944971646047,1.43,2.56,1.71,2.18
2020-03-08,"NUEVO LEÓN",1.9,1.90844941731554,1.3,2.42,1.63,2.09
2020-03-09,"NUEVO LEÓN",1.82,1.81576230941486,1.24,2.34,1.57,2.02
2020-03-10,"NUEVO LEÓN",1.72,1.73200282144528,1.14,2.23,1.44,1.89
2020-03-11,"NUEVO LEÓN",1.66,1.65778538209361,1.07,2.15,1.42,1.86
2020-03-12,"NUEVO LEÓN",1.6,1.59372442004671,1.02,2.09,1.33,1.77
2020-03-13,"NUEVO LEÓN",1.54,1.54043436399139,0.97,2.03,1.26,1.7
2020-03-14,"NUEVO LEÓN",1.51,1.49852964261448,0.94,1.99,1.26,1.69
2020-03-15,"NUEVO LEÓN",1.47,1.4687983702433,0.92,1.96,1.21,1.64
2020-03-16,"NUEVO LEÓN",1.45,1.45272340376699,0.91,1.94,1.17,1.6
2020-03-17,"NUEVO LEÓN",1.45,1.45196128571517,0.92,1.94,1.21,1.63
2020-03-18,"NUEVO LEÓN",1.46,1.46816855861747,0.94,1.95,1.2,1.62
2020-03-19,"NUEVO LEÓN",1.5,1.50044494012167,0.98,1.98,1.28,1.69
2020-03-20,"NUEVO LEÓN",1.55,1.53766284834818,1.02,2.01,1.29,1.7
2020-03-21,"NUEVO LEÓN",1.56,1.56613787653561,1.07,2.04,1.33,1.73
2020-03-22,"NUEVO LEÓN",1.58,1.57640017771853,1.07,2.03,1.32,1.72
2020-03-23,"NUEVO LEÓN",1.58,1.57583814411549,1.06,2.01,1.34,1.73
2020-03-24,"NUEVO LEÓN",1.57,1.57605472774106,1.08,2.01,1.31,1.7
2020-03-25,"NUEVO LEÓN",1.57,1.58865288060976,1.08,2,1.34,1.72
2020-03-26,"NUEVO LEÓN",1.62,1.62055815150972,1.12,2.03,1.41,1.78
2020-03-27,"NUEVO LEÓN",1.67,1.65998647632331,1.19,2.08,1.43,1.8
2020-03-28,"NUEVO LEÓN",1.7,1.69047638770644,1.25,2.12,1.49,1.85
2020-03-29,"NUEVO LEÓN",1.71,1.69556641831504,1.24,2.1,1.52,1.87
2020-03-30,"NUEVO LEÓN",1.67,1.66335843595696,1.23,2.07,1.45,1.8
2020-03-31,"NUEVO LEÓN",1.6,1.60020764904773,1.15,1.98,1.4,1.74
2020-04-01,"NUEVO LEÓN",1.51,1.51703260115483,1.07,1.89,1.3,1.64
2020-04-02,"NUEVO LEÓN",1.4,1.42475183584572,0.98,1.79,1.18,1.52
2020-04-03,"NUEVO LEÓN",1.31,1.33428389668784,0.88,1.69,1.13,1.46
2020-04-04,"NUEVO LEÓN",1.26,1.25654732724868,0.81,1.62,1.07,1.4
2020-04-05,"NUEVO LEÓN",1.21,1.20246067109568,0.8,1.6,1.02,1.35
2020-04-06,"NUEVO LEÓN",1.2,1.18009172065715,0.78,1.58,1,1.33
2020-04-07,"NUEVO LEÓN",1.2,1.18610526380477,0.77,1.57,1,1.33
2020-04-08,"NUEVO LEÓN",1.23,1.21431533727103,0.79,1.59,1.02,1.35
2020-04-09,"NUEVO LEÓN",1.26,1.25853597778844,0.84,1.63,1.04,1.37
2020-04-10,"NUEVO LEÓN",1.3,1.31258122208952,0.9,1.68,1.13,1.45
2020-04-11,"NUEVO LEÓN",1.34,1.37026510690678,0.92,1.7,1.15,1.47
2020-04-12,"NUEVO LEÓN",1.41,1.42540166897271,1,1.77,1.2,1.52
2020-04-13,"NUEVO LEÓN",1.48,1.47180494501983,1.07,1.83,1.3,1.61
2020-04-14,"NUEVO LEÓN",1.52,1.50420013218598,1.11,1.86,1.32,1.63
2020-04-15,"NUEVO LEÓN",1.54,1.52095706923033,1.13,1.87,1.37,1.67
2020-04-16,"NUEVO LEÓN",1.53,1.52135675531738,1.16,1.88,1.34,1.64
2020-04-17,"NUEVO LEÓN",1.5,1.50468018961165,1.11,1.83,1.3,1.6
2020-04-18,"NUEVO LEÓN",1.46,1.47355967517944,1.07,1.78,1.29,1.58
2020-04-19,"NUEVO LEÓN",1.42,1.44403273069426,1.05,1.75,1.24,1.53
2020-04-20,"NUEVO LEÓN",1.43,1.43548817873146,1.07,1.76,1.23,1.52
2020-04-21,"NUEVO LEÓN",1.47,1.46050508907528,1.09,1.78,1.31,1.59
2020-04-22,"NUEVO LEÓN",1.53,1.50442352034574,1.15,1.83,1.35,1.63
2020-04-23,"NUEVO LEÓN",1.56,1.54577377837178,1.19,1.86,1.37,1.65
2020-04-24,"NUEVO LEÓN",1.56,1.56308616898235,1.19,1.85,1.39,1.66
2020-04-25,"NUEVO LEÓN",1.53,1.54170593215887,1.17,1.82,1.35,1.62
2020-04-26,"NUEVO LEÓN",1.48,1.49423804449282,1.13,1.77,1.34,1.6
2020-04-27,"NUEVO LEÓN",1.42,1.44010241672812,1.09,1.72,1.26,1.52
2020-04-28,"NUEVO LEÓN",1.4,1.39871895960874,1.05,1.68,1.23,1.49
2020-04-29,"NUEVO LEÓN",1.4,1.38338193254718,1.07,1.69,1.22,1.48
2020-04-30,"NUEVO LEÓN",1.4,1.38288298963017,1.08,1.69,1.26,1.51
2020-05-01,"NUEVO LEÓN",1.4,1.37988813361304,1.06,1.67,1.24,1.49
2020-05-02,"NUEVO LEÓN",1.35,1.35706336725106,1.03,1.63,1.19,1.44
2020-05-03,"NUEVO LEÓN",1.28,1.30389288466641,0.95,1.55,1.11,1.36
2020-05-04,"NUEVO LEÓN",1.22,1.23713364544866,0.88,1.48,1.04,1.29
2020-05-05,"NUEVO LEÓN",1.17,1.18036080055426,0.86,1.45,1,1.25
2020-05-06,"NUEVO LEÓN",1.16,1.15254812707327,0.84,1.43,0.98,1.23
2020-05-07,"NUEVO LEÓN",1.18,1.15426390663021,0.86,1.45,1.04,1.28
2020-05-08,"NUEVO LEÓN",1.21,1.18147504698326,0.88,1.47,1.06,1.3
2020-05-09,"NUEVO LEÓN",1.23,1.23014845589056,0.93,1.51,1.08,1.32
2020-05-10,"NUEVO LEÓN",1.27,1.29423658157715,0.95,1.53,1.11,1.35
2020-05-11,"NUEVO LEÓN",1.33,1.35963403413551,1.02,1.59,1.16,1.4
2020-05-12,"NUEVO LEÓN",1.4,1.41022096412499,1.08,1.65,1.23,1.47
2020-05-13,"NUEVO LEÓN",1.44,1.42987752210497,1.14,1.7,1.3,1.53
2020-05-14,"NUEVO LEÓN",1.44,1.40803973976264,1.14,1.69,1.28,1.51
2020-05-15,"NUEVO LEÓN",1.37,1.35636717329663,1.07,1.62,1.21,1.44
2020-05-16,"NUEVO LEÓN",1.28,1.29207526003339,0.99,1.53,1.16,1.38
2020-05-17,"NUEVO LEÓN",1.21,1.23237943729941,0.91,1.45,1.08,1.3
2020-05-18,"NUEVO LEÓN",1.2,1.20074288772121,0.9,1.44,1.07,1.29
2020-05-19,"NUEVO LEÓN",1.26,1.24561977512552,0.99,1.52,1.13,1.35
2020-05-20,"NUEVO LEÓN",1.39,1.39100076130009,1.1,1.63,1.24,1.46
2020-05-21,"NUEVO LEÓN",1.55,1.55374831404389,1.26,1.78,1.39,1.61
2020-05-22,"NUEVO LEÓN",1.68,1.68288083528691,1.4,1.91,1.54,1.75
2020-05-23,"NUEVO LEÓN",1.76,1.75408229521913,1.48,1.98,1.61,1.82
2020-05-24,"NUEVO LEÓN",1.79,1.78683175560042,1.54,2.02,1.66,1.86
2020-05-25,"NUEVO LEÓN",1.8,1.80649266225393,1.55,2.02,1.66,1.86
2020-05-26,"NUEVO LEÓN",1.81,1.81817090568582,1.57,2.03,1.7,1.89
2020-05-27,"NUEVO LEÓN",1.82,1.81819210445076,1.57,2.02,1.68,1.87
2020-05-28,"NUEVO LEÓN",1.79,1.78801834461432,1.55,1.99,1.69,1.87
2020-05-29,"NUEVO LEÓN",1.73,1.71174448486569,1.5,1.93,1.61,1.79
2020-05-30,"NUEVO LEÓN",1.61,1.59886000687769,1.4,1.82,1.49,1.67
2020-05-31,"NUEVO LEÓN",1.46,1.46520304806902,1.23,1.65,1.37,1.54
2020-06-01,"NUEVO LEÓN",1.31,1.32661174585842,1.07,1.49,1.21,1.38
2020-06-02,"NUEVO LEÓN",1.18,1.19892423766458,0.94,1.36,1.07,1.24
2020-06-03,"NUEVO LEÓN",1.09,1.09797866090622,0.88,1.29,0.99,1.16
2020-06-04,"NUEVO LEÓN",1.05,1.03961315300207,0.81,1.23,0.94,1.11
2020-06-05,"NUEVO LEÓN",1.04,1.0342601504277,0.83,1.24,0.94,1.11
2020-06-06,"NUEVO LEÓN",1.08,1.07072928588614,0.87,1.28,0.98,1.15
2020-06-07,"NUEVO LEÓN",1.14,1.13242449113732,0.92,1.33,1.03,1.2
2020-06-08,"NUEVO LEÓN",1.21,1.20274969794114,0.98,1.39,1.09,1.26
2020-06-09,"NUEVO LEÓN",1.27,1.26510883805749,1.04,1.45,1.15,1.32
2020-06-10,"NUEVO LEÓN",1.29,1.3029058432463,1.07,1.47,1.17,1.34
2020-06-11,"NUEVO LEÓN",1.28,1.29954464526746,1.06,1.46,1.16,1.33
2020-06-12,"NUEVO LEÓN",1.25,1.25258051367168,1.03,1.43,1.13,1.3
2020-06-13,"NUEVO LEÓN",1.23,1.21617406917276,1.02,1.41,1.14,1.3
2020-06-14,"NUEVO LEÓN",1.25,1.24182899215568,1.04,1.43,1.15,1.31
2020-06-15,"NUEVO LEÓN",1.31,1.3138158505268,1.09,1.48,1.21,1.37
2020-06-16,"NUEVO LEÓN",1.39,1.39909558872672,1.19,1.57,1.28,1.44
2020-06-17,"NUEVO LEÓN",1.46,1.4626237698116,1.25,1.63,1.35,1.51
2020-06-18,"NUEVO LEÓN",1.49,1.47797639530905,1.29,1.66,1.41,1.56
2020-06-19,"NUEVO LEÓN",1.47,1.45376277768147,1.28,1.64,1.37,1.52
2020-06-20,"NUEVO LEÓN",1.39,1.40189871586697,1.2,1.56,1.29,1.44
2020-06-21,"NUEVO LEÓN",1.31,1.33284618446814,1.11,1.47,1.21,1.36
2020-06-22,"NUEVO LEÓN",1.25,1.25706715808761,1.07,1.42,1.15,1.3
2020-06-23,"NUEVO LEÓN",1.2,1.18434769902691,1.01,1.36,1.09,1.24
2020-06-24,"NUEVO LEÓN",1.13,1.12177022038327,0.94,1.29,1.02,1.17
2020-06-25,"NUEVO LEÓN",1.09,1.07574122295286,0.9,1.25,0.98,1.13
2020-06-26,"NUEVO LEÓN",1.06,1.05266720753182,0.87,1.22,0.95,1.1
2020-06-27,"NUEVO LEÓN",1.04,1.05520448429974,0.85,1.2,0.93,1.08
2020-06-28,"NUEVO LEÓN",1.05,1.07100860096987,0.85,1.2,0.94,1.09
2020-06-29,"NUEVO LEÓN",1.07,1.08398491463888,0.88,1.23,0.96,1.11
2020-06-30,"NUEVO LEÓN",1.09,1.07803878240346,0.9,1.25,0.98,1.13
2020-07-01,"NUEVO LEÓN",1.07,1.04035304044143,0.87,1.22,0.96,1.11
2020-07-02,"NUEVO LEÓN",0.98,0.971220441255175,0.78,1.13,0.86,1.01
2020-07-03,"NUEVO LEÓN",0.85,0.874211216428248,0.66,1.01,0.74,0.89
2020-07-04,"NUEVO LEÓN",0.75,0.765931067977625,0.56,0.91,0.64,0.79
2020-07-05,"NUEVO LEÓN",0.73,0.715127579654034,0.52,0.88,0.62,0.77
2020-07-06,"NUEVO LEÓN",0.78,0.771160616599639,0.58,0.94,0.68,0.83
2020-07-07,"NUEVO LEÓN",0.85,0.85369728778859,0.65,1.01,0.75,0.9
2020-07-08,"NUEVO LEÓN",0.85,0.857432356612332,0.65,1.01,0.75,0.9
2020-07-09,"NUEVO LEÓN",0.7,0.706863960299494,0.51,0.87,0.6,0.75
2020-07-10,"NUEVO LEÓN",0.42,0.388538310119578,0.21,0.58,0.3,0.46
2020-07-11,"NUEVO LEÓN",0.07,0.107390539668372,0,0.26,0,0.12
2020-07-12,"NUEVO LEÓN",0.07,0.0460615380805078,0,0.26,0,0.12
2020-07-13,"NUEVO LEÓN",0.07,0.0796262943196688,0,0.26,0,0.12
2020-07-14,"NUEVO LEÓN",0.07,0.0631717524655051,0,0.26,0,0.12
2020-07-15,"NUEVO LEÓN",0.07,0.0793985772324653,0,0.28,0,0.12
2020-07-16,"NUEVO LEÓN",0.24,0.237243319571518,0.01,0.42,0.15,0.32
2020-07-17,"NUEVO LEÓN",0.53,0.522972354744911,0.28,0.74,0.41,0.6
2020-07-18,"NUEVO LEÓN",0.89,0.892184514092714,0.64,1.1,0.77,0.96
2020-07-19,"NUEVO LEÓN",1.28,1.28816382130107,1.04,1.49,1.15,1.34
2020-07-20,"NUEVO LEÓN",1.61,1.60493506944046,1.37,1.81,1.5,1.68
2020-07-21,"NUEVO LEÓN",1.75,1.74449539536276,1.51,1.94,1.63,1.81
2020-07-22,"NUEVO LEÓN",1.68,1.68999054166115,1.45,1.87,1.59,1.76
2020-07-23,"NUEVO LEÓN",1.47,1.47119994348643,1.26,1.67,1.37,1.54
2020-07-24,"NUEVO LEÓN",1.25,1.22328920047863,1.03,1.44,1.14,1.31
2020-07-25,"NUEVO LEÓN",1.06,1.07307755422355,0.84,1.25,0.95,1.12
2020-07-26,"NUEVO LEÓN",0.98,1.00861264960075,0.76,1.17,0.87,1.04
2020-07-27,"NUEVO LEÓN",0.98,0.988218693483734,0.77,1.18,0.88,1.05
2020-07-28,"NUEVO LEÓN",1.02,0.990097737427963,0.8,1.21,0.91,1.08
2020-07-29,"NUEVO LEÓN",1.03,0.997421294159388,0.81,1.22,0.92,1.09
2020-07-30,"NUEVO LEÓN",0.99,0.99336087640396,0.78,1.19,0.88,1.05
2020-07-31,"NUEVO LEÓN",0.94,0.968936571130482,0.72,1.13,0.83,1
2020-08-01,"NUEVO LEÓN",0.92,0.94656276227918,0.68,1.1,0.81,0.98
2020-08-02,"NUEVO LEÓN",0.95,0.956502408033132,0.71,1.13,0.85,1.02
2020-08-03,"NUEVO LEÓN",1.04,1.01924319028085,0.81,1.23,0.94,1.11
2020-08-04,"NUEVO LEÓN",1.14,1.11617168573262,0.93,1.34,1.04,1.21
2020-08-05,"NUEVO LEÓN",1.23,1.21889919480412,1.01,1.42,1.12,1.29
2020-08-06,"NUEVO LEÓN",1.3,1.29903701791106,1.07,1.48,1.19,1.36
2020-08-07,"NUEVO LEÓN",1.32,1.33445871630737,1.1,1.5,1.2,1.37
2020-08-08,"NUEVO LEÓN",1.3,1.32808689459982,1.08,1.48,1.18,1.35
2020-08-09,"NUEVO LEÓN",1.28,1.28910641823339,1.05,1.45,1.19,1.35
2020-08-10,"NUEVO LEÓN",1.24,1.22670215265308,1.03,1.42,1.14,1.3
2020-08-11,"NUEVO LEÓN",1.17,1.14914386910452,0.96,1.35,1.07,1.23
2020-08-12,"NUEVO LEÓN",1.07,1.06104096203594,0.85,1.24,0.97,1.13
2020-08-13,"NUEVO LEÓN",0.96,0.966087731696211,0.75,1.14,0.86,1.02
2020-08-14,"NUEVO LEÓN",0.86,0.867978478334214,0.65,1.04,0.77,0.93
2020-08-15,"NUEVO LEÓN",0.77,0.776420371777034,0.54,0.94,0.64,0.81
2020-08-16,"NUEVO LEÓN",0.72,0.725172060164613,0.5,0.9,0.6,0.77
2020-08-17,"NUEVO LEÓN",0.76,0.754005061215108,0.55,0.95,0.64,0.81
2020-08-18,"NUEVO LEÓN",0.89,0.876982253485637,0.66,1.07,0.77,0.94
2020-08-19,"NUEVO LEÓN",1,1.00533195888917,0.79,1.19,0.88,1.05
2020-08-20,"NUEVO LEÓN",1.04,1.04858039885132,0.82,1.22,0.92,1.09
2020-08-21,"NUEVO LEÓN",1.01,1.01227994949255,0.8,1.2,0.89,1.06
2020-08-22,"NUEVO LEÓN",0.94,0.929880441273654,0.73,1.13,0.82,0.99
2020-08-23,"NUEVO LEÓN",0.86,0.850395367322123,0.63,1.04,0.74,0.91
2020-08-24,"NUEVO LEÓN",0.8,0.811180474474266,0.58,0.99,0.69,0.86
2020-08-25,"NUEVO LEÓN",0.77,0.787396861735051,0.55,0.96,0.66,0.83
2020-08-26,"NUEVO LEÓN",0.75,0.748726341885385,0.54,0.95,0.65,0.82
2020-08-27,"NUEVO LEÓN",0.73,0.705128230641251,0.49,0.91,0.63,0.8
2020-08-28,"NUEVO LEÓN",0.68,0.676631219452403,0.46,0.88,0.55,0.73
2020-08-29,"NUEVO LEÓN",0.68,0.683263999768595,0.44,0.87,0.55,0.73
2020-08-30,"NUEVO LEÓN",0.72,0.739617934762458,0.48,0.91,0.6,0.78
2020-08-31,"NUEVO LEÓN",0.83,0.838535074498129,0.6,1.03,0.71,0.89
2020-09-01,"NUEVO LEÓN",0.99,0.967420140762625,0.75,1.18,0.86,1.04
2020-09-02,"NUEVO LEÓN",1.12,1.11295806700538,0.89,1.32,1,1.18
2020-09-03,"NUEVO LEÓN",1.25,1.25895463332554,1.03,1.45,1.12,1.3
2020-09-04,"NUEVO LEÓN",1.38,1.38849583148465,1.14,1.56,1.24,1.42
2020-09-05,"NUEVO LEÓN",1.48,1.48466765324429,1.26,1.67,1.37,1.54
2020-09-06,"NUEVO LEÓN",1.54,1.53189178829875,1.3,1.71,1.42,1.59
2020-09-07,"NUEVO LEÓN",1.53,1.51993271807336,1.31,1.71,1.41,1.58
2020-09-08,"NUEVO LEÓN",1.44,1.43989062192619,1.23,1.62,1.35,1.51
2020-09-09,"NUEVO LEÓN",1.27,1.28286567921529,1.06,1.45,1.17,1.33
2020-09-10,"NUEVO LEÓN",1.06,1.05986828029672,0.84,1.23,0.96,1.12
2020-09-11,"NUEVO LEÓN",0.87,0.861549659518406,0.67,1.06,0.78,0.94
2020-09-12,"NUEVO LEÓN",0.77,0.773862785596917,0.55,0.95,0.65,0.82
2020-09-13,"NUEVO LEÓN",0.78,0.784326720731388,0.56,0.96,0.66,0.83
2020-09-14,"NUEVO LEÓN",0.86,0.851358072380069,0.64,1.04,0.74,0.91
2020-09-15,"NUEVO LEÓN",0.91,0.915397535555077,0.69,1.09,0.79,0.96
2020-09-16,"NUEVO LEÓN",0.94,0.938435667438964,0.72,1.12,0.82,0.99
2020-09-17,"NUEVO LEÓN",0.97,0.970351232512706,0.76,1.16,0.85,1.02
2020-09-18,"NUEVO LEÓN",1.02,1.02191822022151,0.81,1.21,0.9,1.07
2020-09-19,"NUEVO LEÓN",1.09,1.08978357080874,0.88,1.28,0.97,1.14
2020-09-20,"NUEVO LEÓN",1.19,1.17923464302825,0.97,1.37,1.06,1.23
2020-09-21,"NUEVO LEÓN",1.27,1.28331147509675,1.05,1.45,1.15,1.32
2020-09-22,"NUEVO LEÓN",1.33,1.33742440457212,1.12,1.51,1.23,1.39
2020-09-23,"NUEVO LEÓN",1.31,1.29353161574005,1.09,1.48,1.2,1.36
2020-09-24,"NUEVO LEÓN",1.23,1.22741238045627,1.04,1.42,1.12,1.28
2020-09-25,"NUEVO LEÓN",1.22,1.22096327133943,1.01,1.39,1.11,1.27
2020-09-26,"NUEVO LEÓN",1.25,1.2567289764898,1.04,1.42,1.14,1.3
2020-09-27,"NUEVO LEÓN",1.28,1.29241621287804,1.07,1.45,1.17,1.33
2020-09-28,"NUEVO LEÓN",1.29,1.28573169747481,1.09,1.46,1.17,1.33
2020-09-29,"NUEVO LEÓN",1.22,1.20359222629618,1.02,1.39,1.14,1.29
2020-09-30,"NUEVO LEÓN",1.05,1.04975491153987,0.85,1.22,0.97,1.12
2020-10-01,"NUEVO LEÓN",0.83,0.837186944449012,0.63,1,0.71,0.87
2020-10-02,"NUEVO LEÓN",0.59,0.5992181929205,0.38,0.76,0.48,0.64
2020-10-03,"NUEVO LEÓN",0.46,0.450629231466223,0.24,0.63,0.35,0.51
2020-10-04,"NUEVO LEÓN",0.49,0.488260084667475,0.28,0.67,0.39,0.55
2020-10-05,"NUEVO LEÓN",0.65,0.655737870768137,0.43,0.83,0.53,0.7
2020-10-06,"NUEVO LEÓN",0.86,0.854757216480796,0.63,1.03,0.73,0.9
2020-10-07,"NUEVO LEÓN",0.96,0.972495688730287,0.73,1.13,0.83,1
2020-10-08,"NUEVO LEÓN",0.95,0.935575603917379,0.72,1.12,0.82,0.99
2020-10-09,"NUEVO LEÓN",0.84,0.82752512219053,0.62,1.02,0.72,0.89
2020-10-10,"NUEVO LEÓN",0.7,0.713385562345868,0.49,0.89,0.58,0.75
2020-10-11,"NUEVO LEÓN",0.62,0.642808029235719,0.39,0.8,0.51,0.68
2020-10-12,"NUEVO LEÓN",0.67,0.665443627712409,0.45,0.86,0.56,0.73
2020-10-13,"NUEVO LEÓN",0.83,0.805302172734117,0.62,1.03,0.73,0.9
2020-10-14,"NUEVO LEÓN",0.99,0.983828319682442,0.78,1.19,0.89,1.06
2020-10-15,"NUEVO LEÓN",1.08,1.09682543404484,0.85,1.26,0.97,1.14
2020-10-16,"NUEVO LEÓN",1.08,1.09083462974781,0.86,1.27,0.97,1.14
2020-10-17,"NUEVO LEÓN",1.13,1.11534801447412,0.9,1.31,1.01,1.18
2020-10-18,"NUEVO LEÓN",1.31,1.30969079600308,1.1,1.5,1.19,1.36
2020-10-19,"NUEVO LEÓN",1.56,1.56956958874395,1.34,1.74,1.44,1.61
2020-10-20,"NUEVO LEÓN",1.76,1.75040146121849,1.54,1.93,1.66,1.82
2020-10-21,"NUEVO LEÓN",1.79,1.79006389176867,1.58,1.96,1.68,1.84
2020-10-22,"NUEVO LEÓN",1.66,1.66781895110392,1.45,1.82,1.57,1.72
2020-10-23,"NUEVO LEÓN",1.45,1.44600666958346,1.26,1.62,1.36,1.51
2020-10-24,"NUEVO LEÓN",1.21,1.20721603045532,1.02,1.38,1.12,1.27
2020-10-25,"NUEVO LEÓN",1.03,1.03195386887284,0.84,1.2,0.93,1.08
2020-10-26,"NUEVO LEÓN",0.97,0.972212704638168,0.78,1.14,0.88,1.03
2020-10-27,"NUEVO LEÓN",0.97,0.96800994424351,0.78,1.14,0.88,1.03
2020-10-28,"NUEVO LEÓN",0.94,0.939737227367715,0.76,1.12,0.85,1
2020-10-29,"NUEVO LEÓN",0.84,0.84125823974627,0.63,1,0.75,0.9
2020-10-30,"NUEVO LEÓN",0.66,0.659360001527422,0.46,0.83,0.58,0.73
2020-10-31,"NUEVO LEÓN",0.47,0.467602252241656,0.26,0.64,0.36,0.52
2020-11-01,"NUEVO LEÓN",0.32,0.318305765469394,0.12,0.5,0.21,0.37
2020-11-02,"NUEVO LEÓN",0.24,0.25234274257889,0.03,0.41,0.14,0.3
2020-11-03,"NUEVO LEÓN",0.32,0.310585384938401,0.11,0.51,0.21,0.38
2020-11-04,"NUEVO LEÓN",0.51,0.506022355972423,0.29,0.7,0.4,0.57
2020-11-05,"NUEVO LEÓN",0.73,0.740108167330417,0.51,0.92,0.62,0.79
2020-11-06,"NUEVO LEÓN",0.92,0.911013586933974,0.7,1.11,0.81,0.98
2020-11-07,"NUEVO LEÓN",1.01,1.01530855956825,0.79,1.2,0.9,1.07
2020-11-08,"NUEVO LEÓN",1.07,1.06984759985597,0.84,1.25,0.95,1.12
2020-11-09,"NUEVO LEÓN",1.08,1.07422432490666,0.85,1.26,0.97,1.14
2020-11-10,"NUEVO LEÓN",1.02,1.02371712745154,0.79,1.2,0.9,1.07
2020-11-11,"NUEVO LEÓN",0.91,0.91360440022182,0.68,1.09,0.79,0.96
2020-11-12,"NUEVO LEÓN",0.74,0.752045376316601,0.52,0.93,0.64,0.81
2020-11-13,"NUEVO LEÓN",0.61,0.598722650306529,0.38,0.8,0.51,0.68
2020-11-14,"NUEVO LEÓN",0.56,0.526199657130135,0.34,0.76,0.43,0.61
2020-11-15,"NUEVO LEÓN",0.57,0.584646615303156,0.33,0.76,0.45,0.63
2020-11-16,"NUEVO LEÓN",0.7,0.734660877650151,0.47,0.9,0.58,0.76
2020-11-17,"NUEVO LEÓN",0.91,0.914446580572888,0.68,1.11,0.79,0.97
2020-11-18,"NUEVO LEÓN",1.08,1.06220786047313,0.85,1.28,0.96,1.14
2020-11-19,"NUEVO LEÓN",1.16,1.13677802729348,0.93,1.36,1.04,1.22
2020-11-20,"NUEVO LEÓN",1.19,1.17950708513992,0.95,1.38,1.06,1.24
2020-11-21,"NUEVO LEÓN",1.21,1.24198334348452,0.99,1.41,1.08,1.26
2020-11-22,"NUEVO LEÓN",1.31,1.33423163910035,1.08,1.5,1.22,1.39
2020-11-23,"NUEVO LEÓN",1.45,1.44962080943809,1.24,1.65,1.35,1.52
2020-11-24,"NUEVO LEÓN",1.59,1.55645916735765,1.38,1.78,1.47,1.64
2020-11-25,"NUEVO LEÓN",1.65,1.6167898945713,1.42,1.82,1.52,1.69
2020-11-26,"NUEVO LEÓN",1.58,1.59265617279127,1.37,1.76,1.48,1.64
2020-11-27,"NUEVO LEÓN",1.43,1.46384483227598,1.23,1.61,1.32,1.48
2020-11-28,"NUEVO LEÓN",1.26,1.28111729746851,1.05,1.43,1.15,1.31
2020-11-29,"NUEVO LEÓN",1.12,1.11297864135811,0.91,1.29,1,1.16
2020-11-30,"NUEVO LEÓN",1.03,1.01036928315655,0.83,1.21,0.92,1.08
2020-12-01,"NUEVO LEÓN",0.98,0.953971026965574,0.78,1.16,0.87,1.03
2020-12-02,"NUEVO LEÓN",0.9,0.906901023109459,0.7,1.08,0.79,0.95
2020-12-03,"NUEVO LEÓN",0.81,0.83227642191247,0.59,0.98,0.7,0.86
2020-12-04,"NUEVO LEÓN",0.71,0.719780453198788,0.5,0.89,0.61,0.77
2020-12-05,"NUEVO LEÓN",0.68,0.665360664792249,0.48,0.87,0.59,0.75
2020-12-06,"NUEVO LEÓN",0.76,0.75239736411733,0.53,0.93,0.63,0.8
2020-12-07,"NUEVO LEÓN",0.9,0.907737579001421,0.67,1.07,0.77,0.94
2020-12-08,"NUEVO LEÓN",1.03,1.03286674450962,0.81,1.21,0.91,1.08
2020-12-09,"NUEVO LEÓN",1.09,1.08435720425491,0.86,1.26,0.96,1.13
2020-12-10,"NUEVO LEÓN",1.05,1.0536795153256,0.85,1.24,0.97,1.13
2020-12-11,"NUEVO LEÓN",1.02,1.01681018016338,0.82,1.21,0.93,1.09
2020-12-12,"NUEVO LEÓN",1.06,1.06141630137181,0.85,1.24,0.97,1.13
2020-12-13,"NUEVO LEÓN",1.24,1.23742143684864,1.03,1.42,1.14,1.3
2020-12-14,"NUEVO LEÓN",1.5,1.51180151039898,1.3,1.68,1.39,1.55
2020-12-15,"NUEVO LEÓN",1.65,1.63840439008533,1.43,1.81,1.53,1.69
2020-12-16,"NUEVO LEÓN",1.62,1.62124193974242,1.41,1.78,1.53,1.68
2020-12-17,"NUEVO LEÓN",1.54,1.54524495912706,1.35,1.71,1.44,1.59
2020-12-18,"NUEVO LEÓN",1.51,1.49534424799608,1.3,1.66,1.4,1.55
2020-12-19,"NUEVO LEÓN",1.52,1.53000695807617,1.33,1.68,1.41,1.56
2020-12-20,"NUEVO LEÓN",1.59,1.60184564897343,1.41,1.75,1.51,1.65
2020-12-21,"NUEVO LEÓN",1.65,1.63700923226383,1.45,1.79,1.55,1.69
2020-12-22,"NUEVO LEÓN",1.56,1.56164661952333,1.38,1.71,1.46,1.6
2020-12-23,"NUEVO LEÓN",1.33,1.32885702372337,1.14,1.47,1.23,1.37
2020-12-24,"NUEVO LEÓN",1,0.999540863417212,0.82,1.15,0.9,1.04
2020-12-25,"NUEVO LEÓN",0.66,0.665481924352148,0.49,0.82,0.56,0.7
2020-12-26,"NUEVO LEÓN",0.44,0.434196255469735,0.25,0.59,0.35,0.49
2020-12-27,"NUEVO LEÓN",0.39,0.39192346278863,0.19,0.54,0.28,0.43
2020-12-28,"NUEVO LEÓN",0.52,0.524065117441665,0.34,0.69,0.41,0.56
2020-12-29,"NUEVO LEÓN",0.77,0.762006007065686,0.56,0.92,0.66,0.81
2020-12-30,"NUEVO LEÓN",0.95,0.950436327371983,0.77,1.12,0.84,0.99
2020-12-31,"NUEVO LEÓN",1,1.01937702798743,0.82,1.17,0.9,1.05
2021-01-01,"NUEVO LEÓN",0.98,0.960494960031124,0.8,1.15,0.87,1.02
2021-01-02,"NUEVO LEÓN",0.91,0.897902551900869,0.73,1.08,0.81,0.96
2021-01-03,"NUEVO LEÓN",0.93,0.948490462254215,0.72,1.08,0.82,0.97
2021-01-04,"NUEVO LEÓN",1.06,1.06781669350892,0.85,1.21,0.95,1.1
2021-01-05,"NUEVO LEÓN",1.18,1.17110608402279,0.99,1.34,1.07,1.22
2021-01-06,"NUEVO LEÓN",1.18,1.17358347215364,0.98,1.33,1.07,1.22
2021-01-07,"NUEVO LEÓN",1.01,1.01804466852778,0.82,1.17,0.9,1.05
2021-01-08,"NUEVO LEÓN",0.76,0.757569372845507,0.57,0.92,0.65,0.8
2021-01-09,"NUEVO LEÓN",0.48,0.472808257075622,0.28,0.64,0.38,0.53
2021-01-10,"NUEVO LEÓN",0.24,0.244411993186929,0.03,0.39,0.14,0.29
2021-01-11,"NUEVO LEÓN",0.11,0.131260631990379,0,0.29,0.02,0.15
2021-01-12,"NUEVO LEÓN",0.12,0.105151739665533,0,0.29,0.04,0.17
2021-01-13,"NUEVO LEÓN",0.15,0.116112261234105,0,0.32,0.03,0.18
2021-01-14,"NUEVO LEÓN",0.1,0.122869445021454,0,0.29,0.03,0.16
2021-01-15,"NUEVO LEÓN",0.1,0.118951752567522,0,0.29,0.03,0.16
2021-01-16,"NUEVO LEÓN",0.1,0.106587948715899,0,0.29,0.03,0.16
2021-01-17,"NUEVO LEÓN",0.1,0.0880067983101734,0,0.29,0.03,0.16
2021-01-18,"NUEVO LEÓN",0.1,0.0734370221401812,0,0.29,0.03,0.16
2021-01-19,"NUEVO LEÓN",0.1,0.105107164780744,0,0.29,0.03,0.16
2021-01-20,"NUEVO LEÓN",0.18,0.214669483697914,0,0.37,0.06,0.23
2021-01-21,"NUEVO LEÓN",0.37,0.359471264137675,0.1,0.6,0.23,0.44
2021-01-22,"NUEVO LEÓN",0.5,0.474915813349813,0.23,0.75,0.35,0.57
2021-01-23,"NUEVO LEÓN",0.47,0.482935498819388,0.18,0.71,0.33,0.55
2021-01-24,"NUEVO LEÓN",0.34,0.350813690164278,0.06,0.58,0.2,0.42
2021-01-25,"NUEVO LEÓN",0.25,0.240708705298364,0,0.48,0.14,0.35
2021-01-26,"NUEVO LEÓN",0.29,0.29029419494631,0.01,0.52,0.16,0.38
2021-01-27,"NUEVO LEÓN",0.34,0.344430192779901,0.05,0.59,0.2,0.43
2021-01-28,"NUEVO LEÓN",0.25,0.237799917966339,0,0.5,0.13,0.35
2021-01-29,"NUEVO LEÓN",0.08,0.0905308351713355,0,0.37,0,0.16
2021-01-30,"NUEVO LEÓN",0.08,0.0935728099608326,0,0.37,0,0.16
2021-01-31,"NUEVO LEÓN",0.08,0.0570797401813006,0,0.37,0,0.16
2021-02-01,"NUEVO LEÓN",0.02,0.0180061276582557,0,0.31,0,0.12
2021-02-02,"NUEVO LEÓN",0.08,0.0766967313700219,0,0.35,0,0.15
2021-02-03,"NUEVO LEÓN",0.21,0.234701000212927,0,0.47,0.05,0.27
2021-02-04,"NUEVO LEÓN",0.46,0.468869555562799,0.13,0.78,0.27,0.55
2021-02-05,"NUEVO LEÓN",0.77,0.751976274298471,0.41,1.1,0.58,0.87
2021-02-06,"NUEVO LEÓN",1.06,1.04048805531079,0.69,1.38,0.86,1.15
2021-02-07,"NUEVO LEÓN",1.28,1.2867950529936,0.91,1.59,1.11,1.39
2021-02-08,"NUEVO LEÓN",1.43,1.44328742174075,1.06,1.73,1.24,1.52
2021-02-09,"NUEVO LEÓN",1.47,1.4743250709903,1.11,1.77,1.31,1.58
2021-02-10,"NUEVO LEÓN",1.4,1.39214693035711,1.04,1.69,1.22,1.49
2021-02-11,"NUEVO LEÓN",1.22,1.22096168450026,0.88,1.52,1.04,1.31
2021-02-12,"NUEVO LEÓN",1,0.997561164727195,0.67,1.31,0.82,1.09
2021-02-13,"NUEVO LEÓN",0.81,0.809069788938831,0.46,1.11,0.64,0.91
2021-02-14,"NUEVO LEÓN",0.73,0.734682445400932,0.37,1.03,0.57,0.84
2021-02-15,"NUEVO LEÓN",0.77,0.771543317245147,0.4,1.07,0.58,0.86
2021-02-16,"NUEVO LEÓN",0.89,0.88321481960217,0.52,1.19,0.7,0.98
2021-02-17,"NUEVO LEÓN",0.98,0.980983000732958,0.61,1.28,0.79,1.07
2021-02-18,"NUEVO LEÓN",0.98,0.98462483082712,0.61,1.28,0.79,1.07
2021-02-19,"NUEVO LEÓN",0.9,0.900157334658601,0.53,1.2,0.7,0.98
2021-02-20,"NUEVO LEÓN",0.77,0.763532576489192,0.41,1.08,0.58,0.86
2021-02-21,"NUEVO LEÓN",0.64,0.644202723947723,0.27,0.95,0.47,0.75
2021-02-22,"NUEVO LEÓN",0.6,0.60121125735978,0.22,0.91,0.4,0.69
2021-02-23,"NUEVO LEÓN",0.62,0.618466804470935,0.24,0.94,0.44,0.73
2021-02-24,"NUEVO LEÓN",0.66,0.659344412032712,0.27,0.98,0.48,0.77
2021-02-25,"NUEVO LEÓN",0.68,0.680219655400485,0.3,1.01,0.52,0.81
2021-02-26,"NUEVO LEÓN",0.64,0.642044171035208,0.24,0.96,0.43,0.73
2021-02-27,"NUEVO LEÓN",0.54,0.539128382442735,0.14,0.86,0.35,0.65
2021-02-28,"NUEVO LEÓN",0.41,0.404328926989199,0.05,0.73,0.2,0.5
2021-03-01,"NUEVO LEÓN",0.27,0.27731794465544,0,0.6,0.07,0.35
2021-03-02,"NUEVO LEÓN",0.19,0.192809300975464,0,0.54,0.02,0.27
2021-03-03,"NUEVO LEÓN",0.18,0.171976833607246,0,0.53,0.02,0.26
2021-03-04,"NUEVO LEÓN",0.19,0.186792543151473,0,0.53,0.04,0.28
2021-03-05,"NUEVO LEÓN",0.2,0.20317292037234,0,0.55,0.04,0.29
2021-03-06,"NUEVO LEÓN",0.21,0.212014253745367,0,0.56,0.08,0.33
2021-03-07,"NUEVO LEÓN",0.2,0.212190636824875,0,0.56,0.02,0.28
2021-03-08,"NUEVO LEÓN",0.21,0.209507585769074,0,0.57,0.04,0.3
2021-03-09,"NUEVO LEÓN",0.22,0.211503472387145,0,0.6,0.05,0.32
2021-03-10,"NUEVO LEÓN",0.24,0.22571666848827,0,0.62,0.07,0.35
2021-03-11,"NUEVO LEÓN",0.26,0.259685545881628,0,0.65,0.06,0.36
2021-03-12,"NUEVO LEÓN",0.31,0.320948476376403,0,0.7,0.11,0.43
2021-03-13,"NUEVO LEÓN",0.41,0.417043831781774,0,0.8,0.22,0.57
2021-03-14,"NUEVO LEÓN",0.55,0.549679700177044,0.08,0.96,0.31,0.69
2021-03-15,"NUEVO LEÓN",0.7,0.697243034722002,0.21,1.14,0.46,0.85
2021-03-16,"NUEVO LEÓN",0.84,0.832290504846555,0.33,1.27,0.59,0.98
2021-03-17,"NUEVO LEÓN",0.92,0.927378779980613,0.43,1.36,0.72,1.1
2021-03-18,"NUEVO LEÓN",0.97,0.964050242054754,0.46,1.39,0.75,1.13
2021-03-19,"NUEVO LEÓN",0.96,0.959790123002235,0.48,1.4,0.73,1.11
2021-03-20,"NUEVO LEÓN",0.93,0.941069367256981,0.44,1.36,0.7,1.08
2021-03-21,"NUEVO LEÓN",0.94,0.93435891925292,0.44,1.36,0.7,1.08
2021-03-22,"NUEVO LEÓN",0.96,0.9584288787791,0.46,1.38,0.72,1.1
2021-03-23,"NUEVO LEÓN",1,1.00124596704506,0.51,1.43,0.77,1.15
2021-03-24,"NUEVO LEÓN",1.05,1.04307606061545,0.55,1.47,0.81,1.19
2021-03-25,"NUEVO LEÓN",1.06,1.06418503605493,0.58,1.49,0.81,1.19
2021-03-26,"NUEVO LEÓN",1.05,1.05152865665085,0.56,1.47,0.8,1.18
2021-03-27,"NUEVO LEÓN",1.02,1.01882223258131,0.53,1.44,0.76,1.14
2021-03-28,"NUEVO LEÓN",0.98,0.986470960747075,0.5,1.41,0.73,1.11
2021-03-29,"NUEVO LEÓN",0.97,0.969488961089593,0.49,1.4,0.72,1.1
2021-03-30,"NUEVO LEÓN",0.96,0.961326045712921,0.48,1.39,0.71,1.09
2021-03-31,"NUEVO LEÓN",0.96,0.950040949761773,0.49,1.4,0.71,1.09
2021-04-01,"NUEVO LEÓN",0.93,0.923692408380865,0.43,1.35,0.69,1.07
2021-04-02,"NUEVO LEÓN",0.88,0.874544388345813,0.39,1.31,0.64,1.02
2021-04-03,"NUEVO LEÓN",0.81,0.81168178295584,0.3,1.23,0.58,0.96
2021-04-04,"NUEVO LEÓN",0.74,0.748394717141072,0.24,1.17,0.48,0.87
2021-04-05,"NUEVO LEÓN",0.67,0.697973315831634,0.18,1.11,0.43,0.82
2021-04-06,"NUEVO LEÓN",0.66,0.670697472267614,0.15,1.09,0.4,0.8
2021-04-07,"NUEVO LEÓN",0.67,0.664806152928945,0.16,1.11,0.42,0.82
2021-04-08,"NUEVO LEÓN",0.69,0.675528092605524,0.19,1.15,0.47,0.87
2021-04-09,"NUEVO LEÓN",0.73,0.698092026087248,0.22,1.19,0.46,0.87
2021-04-10,"NUEVO LEÓN",0.74,0.727726688164012,0.22,1.2,0.48,0.89
2021-04-11,"NUEVO LEÓN",0.76,0.759660813625712,0.21,1.2,0.51,0.92
2021-04-12,"NUEVO LEÓN",0.77,0.789123137262246,0.25,1.24,0.53,0.94
2021-04-13,"NUEVO LEÓN",0.79,0.81252783522603,0.25,1.25,0.56,0.97
2021-04-14,"NUEVO LEÓN",0.83,0.831030849119568,0.31,1.31,0.61,1.02
2021-04-15,"NUEVO LEÓN",0.86,0.846973561907884,0.34,1.34,0.64,1.05
2021-04-16,"NUEVO LEÓN",0.88,0.862697356556002,0.37,1.37,0.66,1.07
2021-04-17,"NUEVO LEÓN",0.87,0.880543616028947,0.32,1.33,0.66,1.07
2021-04-18,"NUEVO LEÓN",0.88,0.902853723291743,0.33,1.34,0.61,1.03
2021-04-19,"NUEVO LEÓN",0.91,0.931969061309415,0.37,1.38,0.64,1.06
2021-04-20,"NUEVO LEÓN",0.97,0.970231013046986,0.43,1.44,0.7,1.12
2021-04-21,"NUEVO LEÓN",1.05,1.01768089826791,0.52,1.52,0.82,1.23
2021-04-22,"NUEVO LEÓN",1.1,1.06515978392934,0.56,1.56,0.85,1.26
2021-04-23,"NUEVO LEÓN",1.11,1.10120867378687,0.59,1.58,0.86,1.27
2021-04-24,"NUEVO LEÓN",1.11,1.11436857159608,0.57,1.56,0.84,1.25
2021-04-25,"NUEVO LEÓN",1.06,1.09792576704147,0.55,1.53,0.79,1.2
2021-04-26,"NUEVO LEÓN",1.03,1.06414769352316,0.52,1.5,0.76,1.17
2021-04-27,"NUEVO LEÓN",1.03,1.0300470703702,0.51,1.49,0.76,1.17
2021-04-28,"NUEVO LEÓN",1.03,1.00903021045381,0.51,1.49,0.76,1.17
2021-04-29,"NUEVO LEÓN",1.03,1.00007780081398,0.51,1.49,0.76,1.17
2021-04-30,"NUEVO LEÓN",1.02,0.998564122032894,0.51,1.49,0.75,1.16
2021-05-01,"NUEVO LEÓN",1,0.999863454692717,0.48,1.46,0.73,1.14
2021-05-02,"NUEVO LEÓN",0.97,1.00073897168697,0.46,1.44,0.71,1.12
2021-05-03,"NUEVO LEÓN",0.98,1.00350941515457,0.48,1.46,0.71,1.12
2021-05-04,"NUEVO LEÓN",1,1.01188241954575,0.5,1.48,0.73,1.14
2021-05-05,"NUEVO LEÓN",1.04,1.02956561931078,0.54,1.52,0.77,1.18
2021-05-06,"NUEVO LEÓN",1.08,1.05790895296872,0.56,1.54,0.88,1.28
2021-05-07,"NUEVO LEÓN",1.11,1.088831575314,0.58,1.56,0.88,1.28
2021-05-08,"NUEVO LEÓN",1.11,1.11189494520986,0.6,1.57,0.87,1.27
2021-05-09,"NUEVO LEÓN",1.1,1.11666052151956,0.58,1.55,0.85,1.25
2021-05-10,"NUEVO LEÓN",1.08,1.09773062218474,0.55,1.52,0.83,1.23
2021-05-11,"NUEVO LEÓN",1.07,1.06987100146067,0.54,1.51,0.82,1.22
2021-05-12,"NUEVO LEÓN",1.07,1.05288827268102,0.58,1.54,0.81,1.21
2021-05-13,"NUEVO LEÓN",1.06,1.05694715610286,0.56,1.52,0.8,1.2
2021-05-14,"NUEVO LEÓN",1.05,1.05364479967695,0.55,1.51,0.8,1.2
2021-05-15,"NUEVO LEÓN",1.01,1.01708171644461,0.51,1.47,0.76,1.16
2021-05-16,"NUEVO LEÓN",0.97,0.969939452115857,0.47,1.43,0.71,1.11
2021-05-17,"NUEVO LEÓN",0.95,0.943561586429823,0.43,1.4,0.7,1.1
2021-05-18,"NUEVO LEÓN",4.35,4.32288220529137,3.79,4.81,4.11,4.54
2021-05-19,"NUEVO LEÓN",3.97,3.97243254669218,3.41,4.49,3.68,4.13
2021-05-20,"NUEVO LEÓN",3.63,3.63410194028121,3.07,4.12,3.39,3.82
2021-05-21,"NUEVO LEÓN",3.33,3.34826964723669,2.79,3.8,3.06,3.48
2021-05-22,"NUEVO LEÓN",3.12,3.11603476386227,2.59,3.56,2.87,3.27
2021-05-23,"NUEVO LEÓN",2.93,2.92867634524295,2.42,3.35,2.71,3.09
2021-05-24,"NUEVO LEÓN",2.78,2.77747344646375,2.31,3.2,2.54,2.91
2021-05-25,"NUEVO LEÓN",2.66,2.65374872502475,2.19,3.05,2.46,2.81
2021-05-26,"NUEVO LEÓN",2.55,2.54899924808626,2.12,2.94,2.34,2.68
2021-05-27,"NUEVO LEÓN",2.45,2.45476568522365,2.04,2.83,2.23,2.56
2021-05-28,"NUEVO LEÓN",2.36,2.36390631041593,1.94,2.71,2.15,2.47
2021-05-29,"NUEVO LEÓN",2.27,2.27454981525658,1.88,2.62,2.06,2.37
2021-05-30,"NUEVO LEÓN",2.19,2.18614249574272,1.8,2.52,1.99,2.29
2021-05-31,"NUEVO LEÓN",2.1,2.09813064787144,1.72,2.42,1.91,2.2
2021-06-01,"NUEVO LEÓN",2.01,2.00996056763986,1.64,2.32,1.84,2.12
2021-06-02,"NUEVO LEÓN",1.93,1.92107855104508,1.58,2.24,1.78,2.05
2021-06-03,"NUEVO LEÓN",1.83,1.83093089408422,1.48,2.13,1.66,1.93
2021-06-04,"NUEVO LEÓN",1.74,1.73881924744452,1.39,2.03,1.59,1.85
2021-06-05,"NUEVO LEÓN",1.64,1.64346668057385,1.29,1.92,1.47,1.73
2021-06-06,"NUEVO LEÓN",1.54,1.5434516176102,1.2,1.82,1.36,1.62
2021-06-07,"NUEVO LEÓN",1.43,1.43735248269158,1.1,1.71,1.28,1.53
2021-06-08,"NUEVO LEÓN",1.32,1.32374769995599,0.98,1.59,1.16,1.41
2021-06-09,"NUEVO LEÓN",1.2,1.20121569354143,0.89,1.49,1.04,1.29
2021-06-10,"NUEVO LEÓN",1.08,1.0683348875859,0.76,1.36,0.91,1.16
2021-06-11,"NUEVO LEÓN",0.95,0.936035675092741,0.61,1.22,0.79,1.04
2021-06-12,"NUEVO LEÓN",0.87,0.864656324526568,0.53,1.14,0.72,0.97
2021-06-13,"NUEVO LEÓN",0.88,0.904902997867391,0.56,1.17,0.74,0.99
2021-06-14,"NUEVO LEÓN",1,1.01954555569544,0.67,1.28,0.85,1.1
2021-06-15,"NUEVO LEÓN",1.16,1.15455503075834,0.82,1.43,1.01,1.26
2021-06-16,"NUEVO LEÓN",1.31,1.27664344587313,0.99,1.59,1.14,1.39
2021-06-17,"NUEVO LEÓN",1.38,1.35770807137417,1.07,1.66,1.2,1.45
2021-06-18,"NUEVO LEÓN",1.37,1.37993372869104,1.05,1.64,1.24,1.48
2021-06-19,"NUEVO LEÓN",1.33,1.36665544363399,1.02,1.6,1.18,1.42
2021-06-20,"NUEVO LEÓN",1.32,1.35149579310847,1,1.58,1.16,1.4
2021-06-21,"NUEVO LEÓN",1.38,1.36807735401994,1.07,1.64,1.21,1.45
2021-06-22,"NUEVO LEÓN",1.47,1.43663280990673,1.17,1.73,1.34,1.57
2021-06-23,"NUEVO LEÓN",1.55,1.5238352708388,1.26,1.81,1.4,1.63
2021-06-24,"NUEVO LEÓN",1.59,1.58296795351903,1.3,1.84,1.42,1.65
2021-06-25,"NUEVO LEÓN",1.56,1.58231219094277,1.28,1.81,1.42,1.64
2021-06-26,"NUEVO LEÓN",1.51,1.5501417812754,1.25,1.77,1.36,1.58
2021-06-27,"NUEVO LEÓN",1.52,1.5297286389748,1.23,1.75,1.41,1.62
2021-06-28,"NUEVO LEÓN",1.59,1.56434467849884,1.31,1.82,1.46,1.67
2021-06-29,"NUEVO LEÓN",1.71,1.67510755842965,1.43,1.93,1.56,1.77
2021-06-30,"NUEVO LEÓN",1.79,1.79451791384628,1.54,2.02,1.67,1.87
2021-07-01,"NUEVO LEÓN",1.8,1.83292212395202,1.55,2.02,1.66,1.86
2021-07-02,"NUEVO LEÓN",1.75,1.74281150065518,1.49,1.95,1.62,1.81
2021-07-03,"NUEVO LEÓN",1.66,1.64525708668402,1.42,1.87,1.53,1.72
2021-07-04,"NUEVO LEÓN",1.65,1.66257812972803,1.42,1.86,1.55,1.73
2021-07-05,"NUEVO LEÓN",1.75,1.75350696650151,1.52,1.95,1.63,1.81
2021-07-06,"NUEVO LEÓN",1.85,1.84076549178297,1.62,2.04,1.76,1.93
2021-07-07,"NUEVO LEÓN",1.87,1.86662074358283,1.64,2.05,1.76,1.93
2021-07-08,"NUEVO LEÓN",1.77,1.77822604571948,1.55,1.95,1.64,1.81
2021-07-09,"NUEVO LEÓN",1.56,1.56039371168639,1.35,1.74,1.46,1.62
2021-07-10,"NUEVO LEÓN",1.36,1.34857201367731,1.14,1.53,1.25,1.41
2021-07-11,"NUEVO LEÓN",1.27,1.28211170769087,1.07,1.45,1.16,1.32
2021-07-12,"NUEVO LEÓN",1.36,1.36533752624484,1.15,1.53,1.25,1.41
2021-07-13,"NUEVO LEÓN",1.56,1.54304977802514,1.36,1.73,1.44,1.6
2021-07-14,"NUEVO LEÓN",1.65,1.65697709987111,1.46,1.82,1.56,1.71
2021-07-15,"NUEVO LEÓN",1.57,1.57538839178092,1.36,1.72,1.46,1.61
2021-07-16,"NUEVO LEÓN",1.39,1.3840593228531,1.2,1.55,1.28,1.43
2021-07-17,"NUEVO LEÓN",1.26,1.25416992178114,1.06,1.41,1.15,1.3
2021-07-18,"NUEVO LEÓN",1.3,1.31416674705146,1.1,1.45,1.23,1.37
2021-07-19,"NUEVO LEÓN",1.49,1.48846629784789,1.3,1.64,1.4,1.54
2021-07-20,"NUEVO LEÓN",1.66,1.64846625782829,1.48,1.81,1.56,1.7
2021-07-21,"NUEVO LEÓN",1.65,1.65751910784939,1.48,1.8,1.54,1.68
2021-07-22,"NUEVO LEÓN",1.44,1.43643623161408,1.26,1.58,1.36,1.49
2021-07-23,"NUEVO LEÓN",1.14,1.14368840696878,0.96,1.28,1.06,1.19
2021-07-24,"NUEVO LEÓN",1,0.996330935137262,0.82,1.14,0.93,1.06
2021-07-25,"NUEVO LEÓN",1.13,1.13481708055117,0.95,1.27,1.05,1.18
2021-07-26,"NUEVO LEÓN",1.39,1.39407764064246,1.23,1.54,1.31,1.44
2021-07-27,"NUEVO LEÓN",1.58,1.56362972295309,1.4,1.71,1.49,1.62
2021-07-28,"NUEVO LEÓN",1.55,1.55685814246472,1.38,1.68,1.45,1.58
2021-07-29,"NUEVO LEÓN",1.32,1.34203594871718,1.15,1.45,1.25,1.37
2021-07-30,"NUEVO LEÓN",1.04,1.01305568581352,0.86,1.16,0.97,1.09
2021-07-31,"NUEVO LEÓN",0.83,0.80746826063551,0.66,0.96,0.73,0.86
2021-08-01,"NUEVO LEÓN",0.86,0.905945675492376,0.69,0.99,0.76,0.89
2021-08-02,"NUEVO LEÓN",1.12,1.14190725932266,0.96,1.26,1.02,1.15
2021-08-03,"NUEVO LEÓN",1.35,1.29729835315131,1.18,1.48,1.28,1.4
2021-08-04,"NUEVO LEÓN",1.31,1.29542101971949,1.15,1.44,1.23,1.35
2021-08-05,"NUEVO LEÓN",1.05,1.09491650219746,0.89,1.18,0.97,1.09
2021-08-06,"NUEVO LEÓN",0.72,0.715043277058796,0.57,0.86,0.65,0.77
2021-08-07,"NUEVO LEÓN",0.45,0.41752875399046,0.28,0.58,0.35,0.48
2021-08-08,"NUEVO LEÓN",0.41,0.435604293995101,0.24,0.55,0.32,0.45
2021-08-09,"NUEVO LEÓN",0.62,0.646048130124726,0.45,0.76,0.53,0.66
2021-08-10,"NUEVO LEÓN",0.89,0.856748731469597,0.73,1.04,0.81,0.94
2021-08-11,"NUEVO LEÓN",0.98,0.956488639223632,0.82,1.13,0.9,1.03
2021-08-12,"NUEVO LEÓN",0.82,0.854273912606661,0.65,0.96,0.73,0.86
2021-08-13,"NUEVO LEÓN",0.52,0.523994925655147,0.34,0.66,0.44,0.57
2021-08-14,"NUEVO LEÓN",0.22,0.19907931167209,0.03,0.35,0.11,0.25
2021-08-15,"NUEVO LEÓN",0.1,0.114962812275192,0,0.26,0.01,0.13
2021-08-16,"NUEVO LEÓN",0.26,0.255576343074455,0.08,0.42,0.18,0.32
2021-08-17,"NUEVO LEÓN",0.51,0.513853173306703,0.3,0.66,0.4,0.55
2021-08-18,"NUEVO LEÓN",0.66,0.670240812723767,0.46,0.82,0.56,0.71
2021-08-19,"NUEVO LEÓN",0.63,0.592385784426132,0.43,0.79,0.53,0.68
2021-08-20,"NUEVO LEÓN",0.53,0.531270004182624,0.32,0.69,0.44,0.59
2021-08-21,"NUEVO LEÓN",0.52,0.541410160136885,0.33,0.7,0.41,0.57
2021-08-22,"NUEVO LEÓN",0.57,0.599376520221286,0.36,0.74,0.46,0.62
2021-08-23,"NUEVO LEÓN",0.68,0.681739352368198,0.48,0.86,0.57,0.73
2021-08-24,"NUEVO LEÓN",0.8,0.753770540786613,0.58,0.97,0.69,0.85
2021-08-25,"NUEVO LEÓN",0.75,0.735548434792005,0.54,0.93,0.65,0.81
2021-08-26,"NUEVO LEÓN",0.52,0.535852999976472,0.31,0.7,0.43,0.59
2021-08-27,"NUEVO LEÓN",0.16,0.204884804076411,0,0.33,0.07,0.22
2021-08-28,"NUEVO LEÓN",0.16,0.143119250020215,0,0.33,0.07,0.22
2021-08-29,"NUEVO LEÓN",0.16,0.131442416328828,0,0.33,0.07,0.22
2021-08-30,"NUEVO LEÓN",0.16,0.137814276094597,0,0.33,0.07,0.22
2021-08-31,"NUEVO LEÓN",0.14,0.219228429777815,0,0.34,0.01,0.17
2021-09-01,"NUEVO LEÓN",0.41,0.386331519353958,0.16,0.63,0.27,0.47
2021-09-02,"NUEVO LEÓN",0.64,0.594743060818959,0.37,0.86,0.52,0.72
2021-09-03,"NUEVO LEÓN",0.69,0.679341584723921,0.42,0.91,0.57,0.77
2021-09-04,"NUEVO LEÓN",0.6,0.643647475215705,0.34,0.83,0.45,0.66
2021-09-05,"NUEVO LEÓN",0.51,0.54420167642969,0.24,0.74,0.37,0.58
2021-09-06,"NUEVO LEÓN",0.46,0.437545132501257,0.18,0.69,0.33,0.54
2021-09-07,"NUEVO LEÓN",0.4,0.363888923394834,0.11,0.63,0.25,0.47
2021-09-08,"NUEVO LEÓN",0.31,0.298124672391035,0.03,0.53,0.15,0.37
2021-09-09,"NUEVO LEÓN",0.16,0.198814138599521,0,0.4,0.02,0.21
2021-09-10,"NUEVO LEÓN",0.06,0.0646445752458356,0,0.34,0,0.14
2021-09-11,"NUEVO LEÓN",0.08,0.0548052120190635,0,0.35,0,0.15
2021-09-12,"NUEVO LEÓN",0.28,0.298626521903275,0.02,0.52,0.14,0.36
2021-09-13,"NUEVO LEÓN",0.65,0.645501974598954,0.34,0.93,0.48,0.73
2021-09-14,"NUEVO LEÓN",0.91,0.90107960580613,0.6,1.19,0.74,0.99
2021-09-15,"NUEVO LEÓN",0.97,0.975962718506596,0.66,1.25,0.8,1.05
2021-09-16,"NUEVO LEÓN",0.83,0.83677623092082,0.52,1.11,0.66,0.91
2021-09-17,"NUEVO LEÓN",0.59,0.581772559559004,0.27,0.87,0.43,0.68
2021-09-18,"NUEVO LEÓN",0.4,0.388972137816781,0.09,0.68,0.25,0.5
2021-09-19,"NUEVO LEÓN",0.38,0.402556250337894,0.04,0.64,0.24,0.49
2021-09-20,"NUEVO LEÓN",0.58,0.581364368291341,0.23,0.87,0.44,0.7
2021-09-21,"NUEVO LEÓN",0.85,0.825280866993452,0.5,1.14,0.7,0.96
2021-09-22,"NUEVO LEÓN",0.97,0.983711551824639,0.64,1.27,0.81,1.07
2021-09-23,"NUEVO LEÓN",0.94,0.944908747170857,0.6,1.23,0.78,1.04
2021-09-24,"NUEVO LEÓN",0.8,0.793564047183404,0.47,1.1,0.64,0.9
2021-09-25,"NUEVO LEÓN",0.63,0.628133702732094,0.29,0.93,0.44,0.71
2021-09-26,"NUEVO LEÓN",0.52,0.524304633657831,0.16,0.81,0.35,0.62
2021-09-27,"NUEVO LEÓN",0.5,0.5043879404569,0.14,0.8,0.36,0.63
2021-09-28,"NUEVO LEÓN",0.57,0.560034771184151,0.21,0.88,0.39,0.67
2021-09-29,"NUEVO LEÓN",0.61,0.613632283473339,0.24,0.92,0.44,0.72
2021-09-30,"NUEVO LEÓN",0.59,0.59463577664037,0.21,0.9,0.44,0.72
2021-10-01,"NUEVO LEÓN",0.54,0.53542020146764,0.16,0.85,0.35,0.64
2021-10-02,"NUEVO LEÓN",0.52,0.514277025292079,0.13,0.83,0.34,0.63
2021-10-03,"NUEVO LEÓN",0.58,0.590166918891372,0.2,0.91,0.38,0.68
2021-10-04,"NUEVO LEÓN",0.72,0.723194989539116,0.33,1.05,0.52,0.82
2021-10-05,"NUEVO LEÓN",0.86,0.851333905723372,0.47,1.19,0.66,0.96
2021-10-06,"NUEVO LEÓN",0.93,0.92288214429414,0.53,1.25,0.73,1.03
2021-10-07,"NUEVO LEÓN",0.87,0.888719634191903,0.48,1.2,0.67,0.97
2021-10-08,"NUEVO LEÓN",0.74,0.729001505901533,0.35,1.07,0.54,0.84
2021-10-09,"NUEVO LEÓN",0.55,0.540983696085464,0.18,0.9,0.37,0.67
2021-10-10,"NUEVO LEÓN",0.42,0.430722713052566,0.06,0.75,0.23,0.53
2021-10-11,"NUEVO LEÓN",0.41,0.422376545519881,0.03,0.73,0.24,0.54
2021-10-12,"NUEVO LEÓN",0.51,0.508008694853188,0.1,0.85,0.29,0.61
2021-10-13,"NUEVO LEÓN",0.65,0.633203232605028,0.23,1.01,0.47,0.79
2021-10-14,"NUEVO LEÓN",0.74,0.731924372874634,0.34,1.12,0.57,0.89
2021-10-15,"NUEVO LEÓN",0.76,0.753548263450644,0.37,1.15,0.59,0.91
2021-10-16,"NUEVO LEÓN",0.69,0.709098786879312,0.26,1.05,0.47,0.8
2021-10-17,"NUEVO LEÓN",0.6,0.625011759396298,0.18,0.97,0.39,0.72
2021-10-18,"NUEVO LEÓN",0.52,0.52772299723726,0.09,0.87,0.31,0.64
2021-10-19,"NUEVO LEÓN",0.46,0.438372412848556,0.04,0.81,0.26,0.59
2021-10-20,"NUEVO LEÓN",0.39,0.356916303519333,0,0.73,0.21,0.53
2021-10-21,"NUEVO LEÓN",0.3,0.278015062749438,0,0.66,0.13,0.43
2021-10-22,"NUEVO LEÓN",0.17,0.200324058494199,0,0.56,0.01,0.26
2021-10-23,"NUEVO LEÓN",0.1,0.138478556530881,0,0.49,0,0.21
2021-10-24,"NUEVO LEÓN",0.1,0.111108797092229,0,0.48,0,0.2
2021-10-25,"NUEVO LEÓN",0.15,0.13684502041099,0,0.52,0.01,0.24
2021-10-26,"NUEVO LEÓN",0.25,0.222502941341646,0,0.62,0.09,0.37
2021-10-27,"NUEVO LEÓN",0.34,0.327640173225621,0,0.73,0.14,0.47
2021-10-28,"NUEVO LEÓN",0.41,0.399999804026074,0,0.81,0.18,0.54
2021-10-29,"NUEVO LEÓN",0.4,0.406334669870317,0,0.81,0.15,0.52
2021-10-30,"NUEVO LEÓN",0.35,0.38943659954227,0,0.79,0.12,0.48
2021-10-31,"NUEVO LEÓN",0.39,0.411107169990005,0,0.82,0.17,0.54
2021-11-01,"NUEVO LEÓN",0.55,0.533147958161596,0.05,1,0.31,0.72
2021-11-02,"NUEVO LEÓN",0.83,0.784623464707585,0.27,1.31,0.58,1.01
2021-11-03,"NUEVO LEÓN",1.07,1.06364988508839,0.52,1.55,0.79,1.22
2021-11-04,"NUEVO LEÓN",1.21,1.23560633846691,0.68,1.69,0.94,1.36
2021-11-05,"NUEVO LEÓN",1.17,1.20380507078462,0.64,1.64,0.94,1.35
2021-11-06,"NUEVO LEÓN",1.03,1.02329083509738,0.52,1.51,0.78,1.19
2021-11-07,"NUEVO LEÓN",0.82,0.787041511239624,0.28,1.28,0.58,0.99
2021-11-08,"NUEVO LEÓN",0.62,0.588034979045802,0.09,1.06,0.39,0.8
2021-11-09,"NUEVO LEÓN",0.49,0.496852392174188,0.01,0.92,0.22,0.63
2021-11-10,"NUEVO LEÓN",0.45,0.494487999578369,0.01,0.9,0.22,0.62
2021-11-11,"NUEVO LEÓN",0.51,0.539539324035763,0.03,0.97,0.24,0.66
2021-11-12,"NUEVO LEÓN",0.59,0.596584278533298,0.06,1.06,0.3,0.74
2021-11-13,"NUEVO LEÓN",0.67,0.654122336895932,0.12,1.16,0.38,0.83
2021-11-14,"NUEVO LEÓN",0.73,0.706633363158137,0.14,1.21,0.46,0.91
2021-11-15,"NUEVO LEÓN",0.78,0.748597221354381,0.21,1.29,0.53,0.98
2021-11-16,"NUEVO LEÓN",0.79,0.774493775519134,0.19,1.28,0.56,1.01
2021-11-17,"NUEVO LEÓN",0.78,0.778802889686865,0.18,1.27,0.48,0.94
2021-11-18,"NUEVO LEÓN",0.73,0.756004427892044,0.14,1.22,0.43,0.89
2021-11-19,"NUEVO LEÓN",0.68,0.7061217580295,0.09,1.16,0.38,0.84
2021-11-20,"NUEVO LEÓN",0.63,0.651352263435503,0.05,1.1,0.32,0.78
2021-11-21,"NUEVO LEÓN",0.61,0.619436831306681,0.03,1.08,0.32,0.78
2021-11-22,"NUEVO LEÓN",0.67,0.638116348839665,0.1,1.18,0.37,0.84
2021-11-23,"NUEVO LEÓN",0.75,0.722542097182203,0.14,1.26,0.44,0.92
2021-11-24,"NUEVO LEÓN",0.84,0.837506933286519,0.21,1.36,0.55,1.03
2021-11-25,"NUEVO LEÓN",0.92,0.935214108055958,0.32,1.47,0.62,1.1
2021-11-26,"NUEVO LEÓN",0.97,0.977568201912156,0.36,1.51,0.66,1.14
2021-11-27,"NUEVO LEÓN",0.97,0.965279113349922,0.34,1.49,0.71,1.18
2021-11-28,"NUEVO LEÓN",0.89,0.908758070382359,0.29,1.43,0.63,1.1
2021-11-29,"NUEVO LEÓN",0.82,0.818416301022568,0.19,1.33,0.5,0.98
2021-11-30,"NUEVO LEÓN",0.72,0.706051458534748,0.14,1.25,0.41,0.89
2021-12-01,"NUEVO LEÓN",0.6,0.589006897187478,0.06,1.12,0.32,0.79
2021-12-02,"NUEVO LEÓN",0.49,0.486012396500433,0,1,0.19,0.65
2021-12-03,"NUEVO LEÓN",0.41,0.413378673953662,0,0.95,0.18,0.61
2021-12-04,"NUEVO LEÓN",0.36,0.377740198868701,0,0.91,0.09,0.51
2021-12-05,"NUEVO LEÓN",0.37,0.38331237852746,0,0.92,0.12,0.54
2021-12-06,"NUEVO LEÓN",0.44,0.434310620211848,0,0.99,0.17,0.62
2021-12-07,"NUEVO LEÓN",0.54,0.528535787153496,0.01,1.09,0.28,0.76
2021-12-08,"NUEVO LEÓN",0.66,0.638130566382927,0.07,1.23,0.35,0.86
2021-12-09,"NUEVO LEÓN",0.72,0.728823100880385,0.07,1.27,0.4,0.92
2021-12-10,"NUEVO LEÓN",0.78,0.777099563470344,0.15,1.37,0.44,0.97
2021-12-11,"NUEVO LEÓN",0.78,0.802478246354199,0.11,1.34,0.45,0.98
2021-12-12,"NUEVO LEÓN",0.82,0.835235471577572,0.14,1.39,0.52,1.05
2021-12-13,"NUEVO LEÓN",0.92,0.905647561186088,0.22,1.5,0.58,1.12
2021-12-14,"NUEVO LEÓN",1.06,1.03452295458196,0.37,1.66,0.76,1.29
2021-12-15,"NUEVO LEÓN",1.2,1.20479856059374,0.5,1.78,0.86,1.39
2021-12-16,"NUEVO LEÓN",1.38,1.38994340540658,0.72,1.97,1.04,1.56
2021-12-17,"NUEVO LEÓN",1.57,1.58090348974584,0.93,2.15,1.3,1.8
2021-12-18,"NUEVO LEÓN",1.85,1.83853271249765,1.21,2.4,1.55,2.04
2021-12-19,"NUEVO LEÓN",2.2,2.20053647229219,1.61,2.75,1.92,2.39
2021-12-20,"NUEVO LEÓN",2.54,2.54211826857496,1.95,3.04,2.26,2.71
2021-12-21,"NUEVO LEÓN",2.73,2.72670484394192,2.17,3.2,2.5,2.92
2021-12-22,"NUEVO LEÓN",2.73,2.73311781277557,2.21,3.18,2.48,2.88
2021-12-23,"NUEVO LEÓN",10,10.047289666915,9.83,10,9.94,10
2021-12-24,"NUEVO LEÓN",10,9.95283974851898,9.82,10,9.94,10
2021-12-25,"NUEVO LEÓN",8.93,8.90994259246911,8.46,9.33,8.7,9.06
2021-12-26,"NUEVO LEÓN",7.3,7.35943568490851,6.84,7.67,7.09,7.43
2021-12-27,"NUEVO LEÓN",6.26,6.23526737887198,5.87,6.59,6.06,6.36
2021-12-28,"NUEVO LEÓN",5.63,5.62671048504782,5.29,5.91,5.45,5.71
2021-12-29,"NUEVO LEÓN",5.12,5.1259459908955,4.82,5.36,4.99,5.21
2021-12-30,"NUEVO LEÓN",4.62,4.61606541443745,4.37,4.84,4.48,4.68
2021-12-31,"NUEVO LEÓN",4.1,4.07660815574902,3.88,4.3,3.97,4.15
2022-01-01,"NUEVO LEÓN",3.54,3.57572321403453,3.32,3.71,3.43,3.59
2022-01-02,"NUEVO LEÓN",3.4,3.40497773771309,3.21,3.56,3.29,3.44
2022-01-03,"NUEVO LEÓN",3.41,3.37706693142251,3.23,3.55,3.3,3.44
2022-01-04,"NUEVO LEÓN",3.11,3.12555157532781,2.94,3.24,3.05,3.17
2022-01-05,"NUEVO LEÓN",2.79,2.78030599948012,2.63,2.91,2.7,2.82
2022-01-06,"NUEVO LEÓN",2.63,2.65144260126148,2.48,2.74,2.55,2.66
2022-01-07,"NUEVO LEÓN",2.71,2.70164460208369,2.58,2.82,2.64,2.74
2022-01-08,"NUEVO LEÓN",2.77,2.75773070335064,2.63,2.86,2.69,2.79
2022-01-09,"NUEVO LEÓN",2.54,2.55075307408902,2.42,2.63,2.47,2.56
2022-01-10,"NUEVO LEÓN",2.01,2.02219882037734,1.89,2.1,1.94,2.03
2022-01-11,"NUEVO LEÓN",1.29,1.24194442125196,1.18,1.38,1.22,1.31
2022-01-12,"NUEVO LEÓN",0.55,0.575670717271784,0.43,0.64,0.48,0.57
2022-01-13,"NUEVO LEÓN",0.33,0.404581145215436,0.22,0.43,0.27,0.36
2022-01-14,"NUEVO LEÓN",0.57,0.486642530691565,0.44,0.66,0.51,0.6
2022-01-15,"NUEVO LEÓN",0.66,0.648289117876965,0.53,0.75,0.6,0.69
2022-01-16,"NUEVO LEÓN",0.77,0.777912139612168,0.65,0.87,0.72,0.81
2022-01-17,"NUEVO LEÓN",0.76,0.796007389849156,0.65,0.87,0.71,0.8
2022-01-18,"NUEVO LEÓN",0.74,0.751488906985708,0.6,0.83,0.66,0.76
2022-01-19,"NUEVO LEÓN",0.77,0.725375290531054,0.64,0.87,0.69,0.79
2022-01-20,"NUEVO LEÓN",0.73,0.758873847995014,0.6,0.83,0.65,0.75
2022-01-21,"NUEVO LEÓN",0.75,0.73394671888978,0.63,0.86,0.68,0.78
2022-01-22,"NUEVO LEÓN",0.61,0.585119771635221,0.47,0.71,0.54,0.64
2022-01-23,"NUEVO LEÓN",0.48,0.530068515872223,0.35,0.59,0.41,0.51
2022-01-24,"NUEVO LEÓN",0.52,0.533441712519471,0.37,0.62,0.46,0.56
2022-01-25,"NUEVO LEÓN",0.56,0.498121845090542,0.42,0.67,0.48,0.59
2022-01-26,"NUEVO LEÓN",0.42,0.425328057107883,0.27,0.53,0.34,0.45
2022-01-27,"NUEVO LEÓN",0.28,0.340863657096158,0.14,0.4,0.2,0.31
2022-01-28,"NUEVO LEÓN",0.32,0.263737003863063,0.16,0.43,0.25,0.36
2022-01-29,"NUEVO LEÓN",0.19,0.185776657348428,0.04,0.31,0.09,0.21
2022-01-30,"NUEVO LEÓN",0.04,0.103685333186223,0,0.2,0,0.08
2022-01-31,"NUEVO LEÓN",0.09,0.0533315026627295,0,0.23,0.03,0.13
2022-02-01,"NUEVO LEÓN",0.09,0.052210078506915,0,0.23,0.03,0.13
2022-02-02,"NUEVO LEÓN",0.09,0.110305307455643,0,0.23,0.03,0.13
2022-02-03,"NUEVO LEÓN",0.21,0.268112089097197,0.04,0.36,0.11,0.25
2022-02-04,"NUEVO LEÓN",0.62,0.554295914595835,0.43,0.77,0.53,0.67
2022-02-05,"NUEVO LEÓN",0.61,0.624229960122448,0.41,0.76,0.49,0.64
2022-02-06,"NUEVO LEÓN",0.52,0.526155827914483,0.33,0.68,0.41,0.56
2022-02-07,"NUEVO LEÓN",0.41,0.4171313186149,0.21,0.57,0.31,0.46
2022-02-08,"NUEVO LEÓN",0.35,0.353359018416903,0.14,0.51,0.27,0.42
2022-02-09,"NUEVO LEÓN",0.34,0.330654351743018,0.13,0.51,0.23,0.39
2022-02-10,"NUEVO LEÓN",0.35,0.335453180840245,0.13,0.52,0.25,0.41
2022-02-11,"NUEVO LEÓN",0.36,0.355542770383395,0.14,0.54,0.24,0.41
2022-02-12,"NUEVO LEÓN",0.37,0.384115994758551,0.14,0.55,0.26,0.43
2022-02-13,"NUEVO LEÓN",0.39,0.415717130779609,0.15,0.57,0.29,0.46
2022-02-14,"NUEVO LEÓN",0.45,0.444890455260466,0.21,0.64,0.32,0.5
2022-02-15,"NUEVO LEÓN",0.49,0.466180245015018,0.26,0.69,0.37,0.55
2022-02-16,"NUEVO LEÓN",0.47,0.466887003404481,0.23,0.67,0.37,0.55
2022-02-17,"NUEVO LEÓN",0.4,0.405336139979338,0.15,0.6,0.26,0.45
2022-02-18,"NUEVO LEÓN",0.28,0.286955624328976,0.03,0.47,0.15,0.34
2022-02-19,"NUEVO LEÓN",0.27,0.275310405696462,0.03,0.47,0.15,0.34
2022-02-20,"NUEVO LEÓN",0.36,0.351318349565764,0.1,0.58,0.24,0.44
2022-02-21,"NUEVO LEÓN",0.44,0.436648967108179,0.16,0.66,0.29,0.5
2022-02-22,"NUEVO LEÓN",0.47,0.46971217815091,0.18,0.69,0.33,0.54
2022-02-23,"NUEVO LEÓN",0.45,0.455879537144777,0.19,0.7,0.33,0.54
2022-02-24,"NUEVO LEÓN",0.4,0.417263007196508,0.12,0.64,0.25,0.47
2022-02-25,"NUEVO LEÓN",0.38,0.375218134972112,0.08,0.61,0.24,0.46
2022-02-26,"NUEVO LEÓN",0.37,0.348074801374739,0.1,0.63,0.21,0.44
2022-02-27,"NUEVO LEÓN",0.37,0.348880777801452,0.09,0.63,0.22,0.45
2022-02-28,"NUEVO LEÓN",0.37,0.372581063387837,0.09,0.64,0.2,0.44
2022-03-01,"NUEVO LEÓN",0.39,0.409594964204107,0.08,0.65,0.24,0.48
2022-03-02,"NUEVO LEÓN",0.42,0.450341786320478,0.09,0.68,0.25,0.5
2022-03-03,"NUEVO LEÓN",0.47,0.485240835807164,0.16,0.76,0.32,0.57
2022-03-04,"NUEVO LEÓN",0.52,0.504711418734381,0.18,0.8,0.34,0.6
2022-03-05,"NUEVO LEÓN",0.53,0.502093546904413,0.18,0.81,0.36,0.62
2022-03-06,"NUEVO LEÓN",0.5,0.482410055047825,0.17,0.8,0.36,0.62
2022-03-07,"NUEVO LEÓN",0.45,0.453604483627252,0.1,0.74,0.27,0.54
2022-03-08,"NUEVO LEÓN",0.41,0.423620373105329,0.07,0.7,0.23,0.5
2022-03-09,"NUEVO LEÓN",0.39,0.400401263944691,0.07,0.7,0.23,0.5
2022-03-10,"NUEVO LEÓN",0.39,0.389963728224395,0.04,0.68,0.19,0.47
2022-03-11,"NUEVO LEÓN",0.39,0.390616464489185,0.04,0.69,0.22,0.5
2022-03-12,"NUEVO LEÓN",0.41,0.398741202900227,0.04,0.71,0.22,0.51
2022-03-13,"NUEVO LEÓN",0.41,0.410719673618689,0.04,0.72,0.23,0.52
2022-03-14,"NUEVO LEÓN",0.42,0.422933606805737,0.04,0.73,0.21,0.51
2022-03-15,"NUEVO LEÓN",0.42,0.431764732622538,0.04,0.74,0.23,0.53
2022-03-16,"NUEVO LEÓN",0.43,0.434473060285955,0.05,0.76,0.22,0.53
2022-03-17,"NUEVO LEÓN",0.44,0.431831715235631,0.04,0.77,0.26,0.57
2022-03-18,"NUEVO LEÓN",0.44,0.425492101966911,0.03,0.77,0.23,0.55
2022-03-19,"NUEVO LEÓN",0.43,0.417105624975134,0.03,0.77,0.23,0.55
2022-03-20,"NUEVO LEÓN",0.4,0.408323688755643,0,0.73,0.2,0.52
2022-03-21,"NUEVO LEÓN",0.38,0.401343486234688,0,0.72,0.18,0.5
2022-03-22,"NUEVO LEÓN",0.39,0.400545364062154,0,0.73,0.16,0.49
2022-03-23,"NUEVO LEÓN",0.42,0.410855457318834,0.03,0.79,0.19,0.53
2022-03-24,"NUEVO LEÓN",0.45,0.434457499048467,0.03,0.82,0.21,0.56
2022-03-25,"NUEVO LEÓN",0.48,0.462565614146575,0.03,0.85,0.29,0.64
2022-03-26,"NUEVO LEÓN",0.47,0.483651525471624,0.05,0.87,0.24,0.6
2022-03-27,"NUEVO LEÓN",0.46,0.488953839225433,0.01,0.84,0.25,0.61
2022-03-28,"NUEVO LEÓN",0.47,0.480778694983227,0.02,0.86,0.23,0.6
2022-03-29,"NUEVO LEÓN",0.47,0.464199115663582,0.01,0.86,0.25,0.62
2022-03-30,"NUEVO LEÓN",0.46,0.444288124185073,0,0.85,0.26,0.63
2022-03-31,"NUEVO LEÓN",0.46,0.426118743466276,0.03,0.88,0.21,0.59
2022-04-01,"NUEVO LEÓN",0.43,0.413757808721825,0,0.84,0.18,0.56
2022-04-02,"NUEVO LEÓN",0.41,0.407247404350579,0,0.82,0.19,0.56
2022-04-03,"NUEVO LEÓN",0.38,0.405623427047454,0,0.81,0.14,0.51
2022-04-04,"NUEVO LEÓN",0.38,0.407921773507367,0,0.82,0.19,0.56
2022-04-05,"NUEVO LEÓN",0.4,0.413178340425233,0,0.84,0.17,0.55
2022-04-06,"NUEVO LEÓN",0.42,0.42042902449597,0,0.86,0.19,0.58
2022-04-07,"NUEVO LEÓN",0.43,0.428709722414494,0,0.89,0.19,0.59
2022-04-08,"NUEVO LEÓN",0.45,0.437056330875721,0,0.9,0.19,0.6
2022-04-09,"NUEVO LEÓN",0.44,0.444504746574568,0,0.91,0.2,0.61
2022-04-10,"NUEVO LEÓN",0.45,0.45009086620595,0,0.93,0.19,0.61
2022-04-11,"NUEVO LEÓN",0.46,0.452850586464785,0,0.94,0.18,0.61
2022-04-12,"NUEVO LEÓN",0.47,0.452085609874581,0,0.96,0.23,0.66
2022-04-13,"NUEVO LEÓN",0.45,0.448160862273225,0,0.95,0.19,0.62
2022-04-14,"NUEVO LEÓN",0.45,0.441707075327193,0,0.95,0.21,0.64
2022-04-15,"NUEVO LEÓN",0.43,0.433354980702964,0,0.94,0.16,0.59
2022-04-16,"NUEVO LEÓN",0.42,0.423735310067016,0,0.94,0.15,0.58
2022-04-17,"NUEVO LEÓN",0.42,0.413478795085826,0,0.95,0.13,0.57
2022-04-18,"NUEVO LEÓN",0.39,0.403216167425873,0,0.93,0.12,0.55
2022-04-19,"NUEVO LEÓN",0.39,0.393578158753635,0,0.94,0.13,0.56
2022-04-20,"NUEVO LEÓN",0.36,0.38519550073559,0,0.91,0.1,0.52
2022-04-21,"NUEVO LEÓN",0.37,0.378698925038216,0,0.94,0.12,0.55
2022-04-22,"NUEVO LEÓN",0.36,0.37471916332799,0,0.93,0.09,0.52
2022-04-23,"NUEVO LEÓN",0.38,0.373708750191433,0,0.96,0.11,0.55
2022-04-24,"NUEVO LEÓN",0.4,0.375407431895233,0,0.99,0.1,0.56
2022-04-25,"NUEVO LEÓN",0.39,0.379376757626119,0,0.99,0.1,0.56
2022-04-26,"NUEVO LEÓN",0.41,0.385178276570821,0,1.02,0.1,0.57
2022-04-27,"NUEVO LEÓN",0.41,0.392373537916069,0,1.02,0.12,0.59
2022-04-28,"NUEVO LEÓN",0.4,0.400524090848591,0,1.03,0.11,0.58
2022-04-29,"NUEVO LEÓN",0.39,0.409191484555118,0,1.02,0.09,0.56
2022-04-30,"NUEVO LEÓN",0.4,0.41793726822238,0,1.04,0.1,0.58
2022-05-01,"NUEVO LEÓN",0.41,0.426322991037105,0,1.07,0.11,0.6
2022-05-02,"NUEVO LEÓN",0.43,0.433910202186024,0,1.09,0.13,0.63
2022-05-03,"NUEVO LEÓN",0.43,0.440260450855867,0,1.11,0.11,0.62
2022-05-04,"NUEVO LEÓN",0.46,0.445043296681282,0,1.14,0.17,0.69
2022-05-05,"NUEVO LEÓN",0.47,0.448360341088601,0,1.17,0.18,0.71
2022-05-06,"NUEVO LEÓN",0.46,0.450421195952075,0,1.16,0.15,0.68
2022-05-07,"NUEVO LEÓN",0.46,0.451435473145953,0,1.17,0.12,0.66
2022-05-08,"NUEVO LEÓN",0.44,0.451612784544487,0,1.16,0.13,0.66
2022-05-09,"NUEVO LEÓN",0.44,0.451162742021927,0,1.17,0.16,0.69
2022-05-10,"NUEVO LEÓN",0.44,0.450294957452525,0,1.17,0.09,0.63
2022-05-11,"NUEVO LEÓN",0.43,0.449219042710529,0,1.18,0.16,0.69
2022-05-12,"NUEVO LEÓN",0.46,0.448144609670192,0,1.21,0.13,0.68
2022-05-13,"NUEVO LEÓN",0.43,0.447281270205765,0,1.2,0.14,0.68
2022-05-14,"NUEVO LEÓN",0.47,0.446838636191496,0,1.24,0.18,0.74
2022-05-15,"NUEVO LEÓN",0.47,0.446981121569767,0,1.25,0.13,0.7
2022-05-16,"NUEVO LEÓN",0.46,0.447692348555471,0,1.26,0.15,0.72
2022-05-17,"NUEVO LEÓN",0.44,0.44891074143163,0,1.24,0.13,0.69
2022-05-18,"NUEVO LEÓN",0.44,0.450574724481267,0,1.25,0.08,0.65
2022-05-19,"NUEVO LEÓN",0.45,0.452622721987404,0,1.28,0.1,0.68
2022-05-20,"NUEVO LEÓN",0.44,0.454993158233064,0,1.27,0.15,0.72
2022-05-21,"NUEVO LEÓN",0.47,0.457624457501269,0,1.31,0.15,0.74
2022-05-22,"NUEVO LEÓN",0.44,0.460455044075042,0,1.3,0.14,0.72
2022-05-23,"NUEVO LEÓN",0.46,0.463423342237405,0,1.33,0.11,0.71
2022-05-24,"NUEVO LEÓN",0.48,0.466467776271381,0,1.36,0.13,0.74
2022-05-25,"NUEVO LEÓN",0.48,0.469526770459993,0,1.37,0.12,0.74
2022-05-26,"NUEVO LEÓN",0.48,0.47255007654935,0,1.39,0.17,0.79
2022-05-27,"NUEVO LEÓN",0.48,0.475532756137915,0,1.4,0.11,0.74
2022-05-28,"NUEVO LEÓN",0.48,0.478481198287237,0,1.4,0.12,0.75
2022-05-29,"NUEVO LEÓN",0.47,0.481401792058867,0,1.41,0.12,0.75
2022-05-30,"NUEVO LEÓN",0.49,0.484300926514355,0,1.44,0.1,0.75
2022-05-31,"NUEVO LEÓN",0.48,0.487184990715251,0,1.44,0.13,0.77
2022-06-01,"NUEVO LEÓN",0.47,0.490060373723104,0,1.43,0.1,0.74
2022-06-02,"NUEVO LEÓN",0.5,0.492933464599465,0,1.49,0.11,0.78
2022-06-03,"NUEVO LEÓN",0.48,0.495810652405883,0,1.47,0.09,0.75
2022-06-04,"NUEVO LEÓN",0.51,0.498698326203909,0,1.52,0.14,0.82
2022-06-05,"NUEVO LEÓN",0.51,0.501602875055092,0,1.53,0.16,0.84
2022-06-06,"NUEVO LEÓN",0.53,0.504530688020983,0,1.57,0.16,0.86
2022-06-07,"NUEVO LEÓN",0.49,0.507488154163131,0,1.54,0.13,0.81
2022-06-08,"NUEVO LEÓN",0.51,0.510481662543086,0,1.58,0.14,0.84
2022-06-09,"NUEVO LEÓN",0.53,0.513517602222399,0,1.61,0.12,0.84
2022-06-10,"NUEVO LEÓN",0.51,0.51660236226262,0,1.6,0.13,0.84
2022-06-11,"NUEVO LEÓN",0.5,0.519742331725297,0,1.59,0.09,0.8
2022-06-12,"NUEVO LEÓN",0.55,0.522943899671982,0,1.66,0.14,0.88
2022-06-13,"NUEVO LEÓN",0.49,0.526213455164224,0,1.61,0.1,0.81
2022-06-14,"NUEVO LEÓN",0.54,0.529557387263574,0,1.68,0.17,0.91
